,,,,,,,,,,,
Annual Visitation Report by Years: 1965 to 1985,,,,,,,,,,,
,,,,,,,,,,,
,"This report will not correctly export to CSV. Please export to Excel, Word, or PDF if you wish to save this report.",,,,,,,,,,
,,,,,,,,,,,
,,Recreational Visits,,,,,,,,,
,Park Name,1979,1980,1981,1982,1983,1984,1985,Average,,
,Abraham Lincoln Birthplace NHP,"271,231","239,074","252,245","318,707","256,126","258,023","264,905","265,759",,
,Acadia NP,"2,787,366","2,779,666","2,997,972","3,572,114","4,124,639","3,734,763","3,745,570","3,391,727",,
,Adams NHP,"34,322","24,974","27,055","25,440","26,162","23,398","24,555","26,558",,
,Agate Fossil Beds NM,"8,115","8,330","9,459","9,018","10,097","10,317","10,366","9,386",,
,Alibates Flint Quarries NM,"1,922","2,211","2,384","2,398","1,919","2,251","2,200","2,184",,
,Allegheny Portage Railroad NHS,"58,225","73,995","65,557","60,069","55,148","59,635","69,523","63,165",,
,Amistad NRA,"1,261,846","1,084,689","976,414","1,259,668","1,221,445","1,164,338","1,139,366","1,158,252",,
,Andersonville NHS,"151,123","126,700","113,697","104,053","110,921","101,029","118,440","117,995",,
,Andrew Johnson NHS,"47,674","65,591","74,100","77,578","119,410","84,889","68,607","76,836",,
,Antietam NB,"319,610","352,780","468,078","410,399","433,122","528,369","585,190","442,507",,
,Apostle Islands NL,"75,629","88,467","103,960","125,756","130,913","127,300","117,353","109,911",,
,Appomattox Court House NHP,"208,411","218,724","244,968","240,405","246,277","318,027","277,613","250,632",,
,Arches NP,"269,840","290,519","326,508","339,415","287,875","345,180","363,464","317,543",,
,Arkansas Post NMEM,"61,507","63,002","53,538","58,349","55,443","58,297","55,113","57,893",,
,Arlington House The R.E. Lee MEM,"459,346","484,364","336,593","511,982","514,863","635,748","496,848","491,392",,
,Assateague Island NS,"1,674,861","1,967,525","2,019,316","2,019,438","2,150,285","2,024,519","2,304,906","2,022,979",,
,Aztec Ruins NM,"58,064","56,844","64,902","60,878","61,693","58,394","58,187","59,852",,
,Badlands NP,"858,000","952,652","1,175,952","1,030,484","1,026,981","1,113,675","950,242","1,015,427",,
,Bandelier NM,"161,336","176,410","197,574","210,850","199,775","215,500","238,434","199,983",,
,Bent's Old Fort NHS,"94,653","54,529","45,843","44,318","40,173","38,330","42,875","51,532",,
,Big Bend NP,"282,941","174,008","167,332","180,144","164,926","167,665","188,045","189,294",,
,Big Hole NB,"41,186","37,317","43,176","41,128","46,748","37,695","34,603","40,265",,
,Big Thicket NPRES,,,"22,763","43,824","33,355","81,548","77,664","51,831",,
,Bighorn Canyon NRA,"297,152","322,728","341,157","391,017","373,150","379,625","456,020","365,836",,
,Biscayne NP,"202,938","248,071","305,502","348,219","369,082","340,567","460,921","325,043",,
,Black Canyon of the Gunnison NP,"234,286","336,119","266,604","227,428","291,618","253,048","266,012","267,874",,
,Blue Ridge PKWY,"11,700,219","13,415,014","13,625,753","14,360,184","15,208,455","15,135,991","17,193,408","14,377,003",,
,Booker T. Washington NM,"25,507","21,575","19,874","20,461","23,007","24,972","19,644","22,149",,
,Boston NHP,"1,777,391","2,034,110","1,754,142","1,703,122","2,088,259","1,481,339","1,560,527","1,771,270",,
,Bryce Canyon NP,"558,095","571,541","474,092","471,517","472,633","495,104","500,782","506,252",,
,Buck Island Reef NM,"82,390","71,305","45,502","49,915","51,641","45,816","62,345","58,416",,
,Buffalo NR,"675,832","576,352","580,075","606,935","655,774","510,009","761,086","623,723",,
,Cabrillo NM,"1,196,447","1,253,098","1,332,313","1,466,162","1,450,605","1,461,025","1,652,089","1,401,677",,
,Canaveral NS,"859,943","885,620","1,066,706","1,072,818","1,075,321","1,181,302","931,769","1,010,497",,
,Canyon de Chelly NM,"328,097","284,015","333,596","373,526","385,992","432,073","452,286","369,941",,
,Canyonlands NP,"74,545","56,505","89,915","97,079","100,022","102,533","116,672","91,039",,
,Cape Cod NS,"3,921,968","4,788,342","4,978,838","4,021,111","4,595,071","4,560,713","4,374,799","4,462,977",,
,Cape Hatteras NS,"1,516,879","1,510,237","1,634,592","1,698,543","1,685,628","1,396,076","1,224,687","1,523,806",,
,Cape Krusenstern NM,,,,"10,205","10,375","9,825","10,435","10,210",,
,Cape Lookout NS,"50,106","64,959","51,957","62,653","68,000","86,279","100,380","69,191",,
,Capitol Reef NP,"288,860","342,788","397,789","289,486","331,734","296,230","320,503","323,913",,
,Capulin Volcano NM,"44,297","45,687","46,200","44,824","39,861","39,946","43,810","43,518",,
,Carl Sandburg Home NHS,"34,062","37,160","44,059","50,216","46,673","48,756","53,689","44,945",,
,Carlsbad Caverns NP,"721,647","672,963","771,766","781,963","712,247","712,989","732,482","729,437",,
,Casa Grande Ruins NM,"112,482","109,202","102,768","105,190","119,229","133,680","142,252","117,829",,
,Castillo de San Marcos NM,"650,095","609,510","654,012","659,688","672,624","692,486","699,248","662,523",,
,Castle Clinton NM,"216,996","164,484","113,324","95,894","124,165","85,473","128,012","132,621",,
,Catoctin Mountain Park,"431,541","400,016","357,685","502,142","518,939","531,214","575,125","473,809",,
,Cedar Breaks NM,"362,178","404,423","402,680","374,695","329,268","353,092","385,381","373,102",,
,Chaco Culture NHP,"48,810","51,652","73,399","72,874","71,420","65,999","43,133","61,041",,
,Chamizal NMEM,"111,129","78,355","104,717","114,800","119,639","125,726","148,992","114,765",,
,Channel Islands NP,"82,937","104,574","87,514","172,287","205,024","203,411","164,132","145,697",,
,Chattahoochee River NRA,,"345,956","471,051","665,192","1,081,924","813,317","1,499,103","812,757",,
,Chesapeake & Ohio Canal NHP,"2,832,646","3,101,125","5,450,477","6,057,618","6,175,834","6,159,201","6,184,948","5,137,407",,
,Chickamauga & Chattanooga NMP,"866,933","1,145,070","755,259","906,018","1,020,953","1,102,303","1,075,504","981,720",,
,Chickasaw NRA,"1,434,484","1,927,044","1,697,658","2,094,319","2,238,456","2,026,727","2,129,513","1,935,457",,
,Chiricahua NM,"49,484","49,232","51,864","55,058","51,737","59,818","61,680","54,125",,
,Christiansted NHS,"90,790","104,458","57,098","99,531","100,936","80,475","133,603","95,270",,
,Clara Barton NHS,"7,520","7,204","11,289","12,875","13,131","16,790","17,315","12,303",,
,Colonial NHP,"7,172,127","6,338,912","8,558,803","8,518,883","2,068,928","2,504,777","2,138,188","5,328,660",,
,Colorado NM,"290,584","275,229","325,210","319,662","279,492","289,556","319,248","299,854",,
,Congaree NP,,,,,,,"12,332","12,332",,
,Coronado NMEM,"59,751","42,648","46,681","43,330","33,539","39,319","44,026","44,185",,
,Cowpens NB,"78,441","85,766","64,614","52,502","57,842","65,511","79,732","69,201",,
,Crater Lake NP,"410,749","455,143","503,404","435,589","379,008","419,829","390,604","427,761",,
,Craters of the Moon NM & PRES,"220,698","162,454","236,525","294,387","273,693","220,801","172,503","225,866",,
,Cumberland Gap NHP,"452,889","485,666","425,046","632,023","718,375","719,816","729,685","594,786",,
,Cumberland Island NS,"35,811","34,682","37,530","38,450","32,832","32,372","30,077","34,536",,
,Curecanti NRA,"809,007","891,490","988,951","994,265","1,050,217","994,143","1,071,782","971,408",,
,Cuyahoga Valley NP,"543,025","563,300","596,300","717,815","939,562","1,018,828","1,004,858","769,098",,
,De Soto NMEM,"179,738","172,932","165,366","197,272","220,721","221,504","201,869","194,200",,
,Death Valley NP,"631,152","618,140","630,402","679,992","635,582","621,197","576,679","627,592",,
,Delaware Water Gap NRA,"2,002,543","2,470,965","2,396,100","2,135,790","2,293,666","2,136,212","2,186,179","2,231,636",,
,Denali NP & PRES,"251,105","216,361","256,593","321,868","346,082","395,099","436,545","317,665",,
,Devils Postpile NM,"81,323","79,130","86,084","79,999","73,612","97,809","108,678","86,662",,
,Devils Tower NM,"226,091","213,692","285,310","264,303","267,276","219,855","216,787","241,902",,
,Dinosaur NM,"295,837","332,781","345,784","396,938","427,375","493,140","418,187","387,149",,
,Dry Tortugas NP,"9,076","8,644","10,150","10,700","11,004","11,900","13,213","10,670",,
,Edgar Allan Poe NHS,,"2,549","14,055","12,595","13,858","18,178","15,254","12,748",,
,Effigy Mounds NM,"59,064","75,555","79,881","94,305","99,562","92,793","93,074","84,891",,
,Eisenhower NHS,,"164,443","182,387","148,800","145,351","138,095","136,935","152,669",,
,El Morro NM,"29,635","29,523","27,536","29,933","29,278","33,125","47,299","32,333",,
,Eleanor Roosevelt NHS,,,,,,,"30,712","30,712",,
,Eugene O'Neill NHS,,,,,,,"2,814","2,814",,
,Everglades NP,"718,102","744,244","564,721","550,168","577,439","628,658","697,646","640,140",,
,Federal Hall NMEM,"83,680","95,343","103,331","112,387","115,358","157,217","245,148","130,352",,
,Fire Island NS,"465,268","604,401","513,421","539,150","531,183","524,757","552,542","532,960",,
,Florissant Fossil Beds NM,"46,919","66,652","50,747","49,577","51,309","54,845","93,990","59,148",,
,Ford's Theatre NHS,"518,345","647,622","650,903","619,669","704,440","765,739","769,780","668,071",,
,Fort Bowie NHS,"5,827","5,103","5,153","5,055","4,912","5,044","5,635","5,247",,
,Fort Caroline NMEM,"169,209","128,619","110,844","151,607","140,461","145,137","164,145","144,289",,
,Fort Davis NHS,"72,465","63,465","71,179","74,988","71,334","69,004","68,410","70,121",,
,Fort Donelson NB,"317,415","343,964","336,538","233,631","280,644","261,960","300,404","296,365",,
,Fort Frederica NM,"392,405","298,718","247,469","233,710","254,739","252,159","231,010","272,887",,
,Fort Laramie NHS,"106,583","89,861","121,212","94,936","97,090","89,745","81,531","97,280",,
,Fort Larned NHS,"22,908","24,036","22,616","24,419","60,788","67,292","58,625","40,098",,
,Fort Matanzas NM,"251,507","254,243","270,207","247,694","250,790","301,115","333,170","272,675",,
,Fort McHenry NM & HS,"543,543","614,665","672,541","685,443","723,297","772,531","795,752","686,825",,
,Fort Necessity NB,"108,058","132,487","153,898","139,511","134,187","166,539","140,199","139,268",,
,Fort Point NHS,"872,177","792,694","1,073,265","1,222,873","961,394","1,176,135","1,075,004","1,024,792",,
,Fort Pulaski NM,"276,608","283,483","239,572","278,463","291,318","365,084","381,616","302,306",,
,Fort Raleigh NHS,"305,153","350,464","299,252","300,353","359,761","389,893","272,832","325,387",,
,Fort Scott NHS,"12,008","35,922","51,633","63,725","73,306","78,035","76,193","55,832",,
,Fort Smith NHS,"90,584","102,361","136,786","129,012","118,692","121,561","138,410","119,629",,
,Fort Stanwix NM,"68,288","64,975","60,696","66,595","63,154","56,352","67,100","63,880",,
,Fort Sumter and Fort Moultrie NHP,"185,582","183,416","206,547","220,144","244,374","267,649","262,019","224,247",,
,Fort Union NM,"10,435","10,787","11,720","12,176","12,413","13,105","13,362","12,000",,
,Fort Union Trading Post NHS,"6,368","8,520","9,139","7,381","9,917","12,886","15,031","9,892",,
,Fort Vancouver NHS,"156,749","162,142","231,224","201,353","239,650","265,378","264,829","217,332",,
,Fort Washington Park,"496,921","488,614","334,867","332,693","256,219","304,382","367,587","368,755",,
,Fossil Butte NM,"13,669","10,823","12,431","17,393","16,402","14,771","15,585","14,439",,
,Frederick Douglass NHS,"34,137","38,974","35,322","30,943","30,347","29,507","30,881","32,873",,
,Frederick Law Olmsted NHS,,,"1,882","2,911","3,072","2,984","3,457","2,861",,
,Fredericksburg & Spotsylvania NMP,"1,010,717","995,434","1,000,456","961,455","244,328","232,626","240,932","669,421",,
,Friendship Hill NHS,,,,,"9,313","11,335","13,620","11,423",,
,Gates of the Arctic NP & PRES,,,,"1,381","2,138","2,440","1,381","1,835",,
,Gateway Arch NP,"1,859,431","1,928,825","2,282,261","2,967,323","2,948,022","1,709,993","2,140,316","2,262,310",,
,Gateway NRA,"8,773,128","9,053,257","9,376,479","9,869,135","10,347,510","7,881,106","8,640,734","9,134,478",,
,General Grant NMEM,"35,117","35,941","41,052","43,620","82,592","86,914","53,952","54,170",,
,George Rogers Clark NHP,"78,748","80,568","94,993","107,725","111,083","112,747","121,555","101,060",,
,George Washington Birthplace NM,"122,579","114,147","133,291","131,001","136,708","151,733","150,515","134,282",,
,George Washington Carver NM,"49,112","59,428","55,150","68,553","79,202","82,028","137,117","75,799",,
,George Washington MEM PKWY,"4,677,978","6,266,121","8,555,905","9,216,441","8,569,579","8,246,006","8,780,684","7,758,959",,
,Gettysburg NMP,"994,035","1,096,364","1,239,647","1,151,141","1,198,949","1,212,226","1,321,130","1,173,356",,
,Gila Cliff Dwellings NM,"31,933","32,734","36,417","37,902","37,717","35,013","35,739","35,351",,
,Glacier Bay NP & PRES,"91,032","95,005","85,071","90,354","92,057","108,297","130,943","98,966",,
,Glacier NP,"1,446,086","1,474,578","1,786,523","1,666,114","2,203,847","1,946,703","1,603,011","1,732,409",,
,Glen Canyon NRA,"1,655,995","1,571,491","1,733,529","1,733,226","1,873,031","1,971,102","2,078,866","1,802,463",,
,Golden Gate NRA,"11,321,127","18,421,773","20,279,789","19,897,389","17,604,551","16,731,706","18,355,365","17,515,957",,
,Golden Spike NHP,"46,657","44,587","48,167","45,163","49,571","34,093","46,387","44,946",,
,Grand Canyon NP,"2,131,716","2,304,973","2,472,270","2,293,127","2,248,082","2,173,584","2,711,529","2,333,612",,
,Grand Portage NM,"36,931","43,229","41,404","36,068","36,261","45,669","46,488","40,864",,
,Grand Teton NP,"2,446,171","2,555,627","2,643,644","2,534,029","1,532,035","1,360,898","1,334,483","2,058,127",,
,Grant-Kohrs Ranch NHS,"21,325","19,449","23,559","27,790","34,292","23,766","23,166","24,764",,
,Great Basin NP,"29,947","33,383","33,367","32,264","30,335","37,676","36,343","33,331",,
,Great Sand Dunes NP & PRES,"162,546","142,427","172,505","175,273","150,177","141,833","182,713","161,068",,
,Great Smoky Mountains NP,"8,019,788","8,440,953","8,312,884","8,177,869","8,435,475","8,508,390","9,319,290","8,459,236",,
,Greenbelt Park,"250,595","283,365","231,632","277,869","217,141","261,142","332,849","264,942",,
,Guadalupe Mountains NP,"110,478","113,825","142,641","140,620","142,736","151,862","147,758","135,703",,
,Guilford Courthouse NMP,"161,485","156,754","220,944","219,540","161,504","204,413","179,278","186,274",,
,Gulf Islands NS,"2,965,041","2,507,507","3,316,477","3,507,438","4,060,386","5,803,384","9,880,814","4,577,292",,
,Haleakala NP,"673,955","560,238","631,684","771,762","864,289","1,003,821","1,194,651","814,343",,
,Hamilton Grange NMEM,371,0,0,0,"2,653","9,163","18,956","4,449",,
,Hampton NHS,"33,332","60,700","49,729","80,111","83,064","82,742","69,970","65,664",,
,Harpers Ferry NHP,"437,448","549,997","589,288","682,386","600,823","673,944","566,661","585,792",,
,Harry S Truman NHS,,,,,,"100,165","114,686","107,426",,
,Hawaii Volcanoes NP,"1,632,589","1,692,338","1,931,852","1,995,397","2,247,974","2,008,608","816,652","1,760,773",,
,Herbert Hoover NHS,"205,028","212,702","256,910","254,334","242,562","226,429","207,845","229,401",,
,Home of Franklin D. Roosevelt NHS,"266,809","316,535","272,129","268,269","212,494","205,405","214,011","250,807",,
,Homestead NHP,"18,084","16,278","16,421","18,971","22,608","21,849","21,268","19,354",,
,Hopewell Culture NHP,"51,514","57,151","59,737","43,606","43,013","42,420","39,632","48,153",,
,Hopewell Furnace NHS,"133,450","163,074","143,430","150,975","162,159","149,820","154,027","150,991",,
,Horseshoe Bend NMP,"50,566","44,323","78,388","57,539","62,514","62,374","62,549","59,750",,
,Hot Springs NP,"1,118,800","1,160,588","1,177,911","1,015,580","1,160,008","1,071,853","1,112,764","1,116,786",,
,Hovenweep NM,"14,815","13,591","13,628","13,532","13,837","14,322","14,601","14,047",,
,Hubbell Trading Post NHS,"36,344","106,358","164,551","161,461","147,318","144,755","120,473","125,894",,
,Independence NHP,"2,002,333","2,033,208","1,567,871","4,318,501","4,767,889","4,827,270","4,867,399","3,483,496",,
,Indiana Dunes NP,"1,606,166","1,222,874","1,023,436","1,066,573","1,510,630","1,560,428","1,800,326","1,398,633",,
,Isle Royale NP,"14,782","14,977","14,558","13,238","12,928","11,814","16,775","14,153",,
,Jean Lafitte NHP & PRES,"193,121","271,217","375,883","377,209","535,196","849,004","713,850","473,640",,
,Jewel Cave NM,"76,921","90,198","105,448","87,417","89,412","101,578","128,650","97,089",,
,"John D. Rockefeller, Jr. MEM PKWY","1,356,044","1,303,756","1,515,176","1,495,262","1,105,434","1,051,297","1,082,832","1,272,829",,
,John Day Fossil Beds NM,"90,547","101,167","111,410","106,123","109,694","101,783","101,566","103,184",,
,John F. Kennedy NHS,"19,308","17,299","17,757","16,829","18,269","18,907","17,438","17,972",,
,John Muir NHS,"24,911","27,449","27,070","33,015","28,118","32,207","33,954","29,532",,
,Johnstown Flood NMEM,"42,201","33,164","36,124","44,183","38,064","56,560","50,796","43,013",,
,Joshua Tree NP,"590,543","545,357","612,966","673,201","671,426","663,798","641,172","628,352",,
,Katmai NP & PRES,"10,659","11,824","13,115","14,377","11,182","20,074","25,142","15,196",,
,Kenai Fjords NP,,,,"16,118","24,048","30,703","35,758","26,657",,
,Kennesaw Mountain NBP,"876,352","934,778","1,009,433","963,835","946,672","913,604","776,340","917,288",,
,Kings Canyon NP,"804,175","819,065","776,850","831,044","765,755","937,262","874,456","829,801",,
,Kings Mountain NMP,"212,876","214,931","223,851","213,630","224,512","232,275","212,605","219,240",,
,Klondike Gold Rush NHP Alaska,,,,"49,688","52,155","61,752","81,954","61,387",,
,Klondike Gold Rush NHP Seattle,"37,595","48,442","56,182","53,084","52,551","62,830","59,847","52,933",,
,Knife River Indian Villages NHS,,,"4,616","4,858","8,373","7,895","12,391","7,627",,
,Kobuk Valley NP,,,,"3,775","2,365","1,075","1,305","2,130",,
,Lake Clark NP & PRES,,,,"10,440","12,332","12,505","12,701","11,995",,
,Lake Mead NRA,"6,155,100","4,965,601","5,219,266","5,390,496","5,913,768","6,276,562","6,952,147","5,838,991",,
,Lake Meredith NRA,"1,849,425","1,570,790","1,559,283","1,909,655","1,844,870","1,944,648","1,597,719","1,753,770",,
,Lake Roosevelt NRA,"794,710","833,400","873,754","819,328","666,341","622,908","517,471","732,559",,
,Lassen Volcanic NP,"380,014","394,425","415,045","414,859","429,867","463,275","451,497","421,283",,
,Lava Beds NM,"96,565","87,993","87,038","77,705","68,737","65,611","68,254","78,843",,
,LBJ Memorial Grove on the Potomac,,,,,,"1,081,095","1,122,489","1,101,792",,
,Lewis & Clark NHP,"93,453","101,060","130,765","149,368","147,208","145,975","159,861","132,527",,
,Lincoln Boyhood NMEM,"237,793","218,811","225,590","207,898","216,252","217,844","219,215","220,486",,
,Lincoln Home NHS,"403,236","408,434","402,686","432,695","448,078","431,196","431,347","422,525",,
,Lincoln MEM,"3,352,343","3,307,585","2,989,487","3,131,753","3,352,825","3,963,471","3,810,581","3,415,435",,
,Little Bighorn Battlefield NM,"203,795","183,311","252,992","205,585","221,398","247,695","261,686","225,209",,
,Longfellow House Washington's HQ NHS,"17,739","18,819","19,541","17,665","18,566","15,926","19,186","18,206",,
,Lowell NHP,"92,839","274,149","321,762","401,022","437,999","596,304","706,921","404,428",,
,Lyndon B. Johnson NHP,"295,303","317,982","300,685","290,524","299,460","276,414","287,622","295,427",,
,Maggie L. Walker NHS,,,,,,,"1,428","1,428",,
,Mammoth Cave NP,"1,384,910","1,495,787","1,404,317","1,526,676","1,498,503","1,501,450","1,507,939","1,474,226",,
,Manassas NBP,"778,444","797,913","792,371","668,601","720,745","703,100","723,998","740,739",,
,"Martin Luther King, Jr. NHP",,,,,"174,841","322,723","377,069","291,544",,
,Martin Van Buren NHS,,,,"10,538","6,888","5,370","5,335","7,033",,
,Mesa Verde NP,"473,715","539,257","588,608","602,968","604,115","516,865","656,271","568,828",,
,Minute Man NHP,"956,954","1,005,047","1,047,239","1,037,897","1,015,027","960,840","895,775","988,397",,
,Montezuma Castle NM,"382,085","413,885","472,306","454,985","479,722","528,413","545,624","468,146",,
,Moores Creek NB,"44,272","41,793","45,059","50,192","39,532","32,715","43,908","42,496",,
,Morristown NHP,"554,064","580,792","561,698","534,659","626,327","579,845","620,809","579,742",,
,Mount Rainier NP,"1,516,703","1,268,256","1,233,671","1,007,300","1,106,306","1,152,411","1,165,640","1,207,184",,
,Mount Rushmore NMEM,"1,245,425","1,284,888","1,604,991","1,484,300","1,562,559","1,558,872","1,740,793","1,497,404",,
,Muir Woods NM,"1,227,241","1,311,613","1,264,676","1,171,430","1,167,337","1,220,310","1,377,221","1,248,547",,
,Natchez Trace PKWY,"9,475,305","10,601,566","11,160,608","11,051,140","12,796,122","13,478,261","12,931,973","11,642,139",,
,Natural Bridges NM,"78,564","63,594","60,131","55,209","56,368","59,123","61,179","62,024",,
,Navajo NM,"41,341","39,886","39,574","38,927","46,792","38,916","46,702","41,734",,
,New River Gorge NP & PRES,,,,,,"231,295","263,021","247,158",,
,Nez Perce NHP,"162,688","169,727","174,997","187,747","207,746","222,236","228,300","193,349",,
,Ninety Six NHS,,,,,,,"17,908","17,908",,
,Noatak NPRES,,,,"4,170","4,605","7,835","7,005","5,904",,
,North Cascades NP,"742,997","796,079","829,026","857,016","858,041","637,836","629,234","764,318",,
,Ocmulgee Mounds NHP,"81,572","88,929","84,387","80,904","111,014","148,769","198,596","113,453",,
,Olympic NP,"2,078,843","2,032,418","2,306,032","2,478,739","2,410,722","2,759,011","2,532,145","2,371,130",,
,Oregon Caves NM & PRES,"130,733","129,090","135,495","115,045","114,160","118,583","93,993","119,586",,
,Organ Pipe Cactus NM,"131,634","148,311","177,750","151,934","205,090","182,011","175,581","167,473",,
,Ozark NSR,"1,453,034","1,428,711","1,361,644","1,449,168","1,408,642","1,429,268","1,358,900","1,412,767",,
,Padre Island NS,"774,862","765,423","620,782","731,218","630,165","613,386","669,078","686,416",,
,Pea Ridge NMP,"94,197","94,687","105,117","105,296","113,930","124,282","118,613","108,017",,
,Pearl Harbor NMEM,,,"855,847","1,039,050","1,044,752","1,193,987","1,174,573","1,061,642",,
,Pecos NHP,"51,476","36,677","44,539","38,926","39,371","37,514","44,616","41,874",,
,Perry's Victory & Intl. Peace MEM,"129,831","145,289","94,885","138,841","156,293","138,615","154,983","136,962",,
,Petersburg NB,"577,283","545,765","536,003","550,783","553,208","532,643","526,073","545,965",,
,Petrified Forest NP,"671,583","683,121","747,832","710,619","708,512","714,761","736,659","710,441",,
,Pictured Rocks NL,"270,376","311,000","329,775","356,415","441,271","407,697","397,884","359,203",,
,Pinnacles NP,"153,717","163,626","155,205","171,026","170,631","166,258","191,578","167,434",,
,Pipe Spring NM,"24,946","25,670","30,008","30,155","28,237","28,635","30,083","28,248",,
,Pipestone NM,"143,995","136,358","149,172","134,782","133,831","129,064","131,204","136,915",,
,Piscataway Park,"137,971","160,912","116,678","118,545","69,712","58,078","58,608","102,929",,
,Point Reyes NS,"1,489,135","1,408,810","1,322,449","1,344,582","1,424,751","2,032,238","1,991,615","1,573,369",,
,Prince William Forest Park,"499,209","404,358","467,161","439,724","419,793","406,832","431,922","438,428",,
,Pu'uhonua o Honaunau NHP,"409,436","372,212","335,441","345,920","347,840","383,120","394,844","369,830",,
,Pu'ukohola Heiau NHS,"21,737","21,606","24,888","33,706","40,719","44,953","48,014","33,660",,
,Rainbow Bridge NM,"97,066","113,816","114,555","172,126","161,551","177,971","177,038","144,875",,
,Redwood NP,"413,917","471,710","549,461","467,126","473,711","467,155","505,791","478,410",,
,Richmond NBP,"265,793","255,736","284,577","300,170","312,786","304,487","305,667","289,888",,
,Rio Grande W&SR,,,,,,,702,702,,
,Rock Creek Park,"1,156,593","1,059,794","917,310","1,764,535","2,360,791","1,492,638","1,891,539","1,520,457",,
,Rocky Mountain NP,"2,568,530","2,641,937","2,911,242","2,564,116","2,599,006","2,231,448","2,248,854","2,537,876",,
,Roger Williams NMEM,"27,788","45,601","2,112","14,353","15,664","15,817","14,480","19,402",,
,Russell Cave NM,"18,526","22,928","21,290","21,780","22,136","22,675","21,561","21,557",,
,Sagamore Hill NHS,"167,509","181,231","179,676","144,023","123,487","120,835","121,598","148,337",,
,Saguaro NP,"566,486","611,317","470,598","566,807","634,688","699,292","636,711","597,986",,
,Saint Croix NSR,"391,683","354,173","355,962","445,183","440,016","462,922","439,033","412,710",,
,Saint-Gaudens NHP,"31,800","39,064","39,675","38,002","38,682","27,080","31,880","35,169",,
,Salem Maritime NHP,"431,799","354,337","418,262","401,480","565,898","788,510","669,983","518,610",,
,Salinas Pueblo Missions NM,"26,728","21,748","20,359","32,491","35,968","28,395","29,643","27,905",,
,San Antonio Missions NHP,,,,,"134,904","205,124","212,165","184,064",,
,San Juan Island NHP,"92,481","103,452","101,620","113,385","122,540","99,400","104,312","105,313",,
,San Juan NHS,"1,458,778","1,601,984","1,522,942","1,508,333","1,306,178","2,005,185","2,221,661","1,660,723",,
,Santa Monica Mountains NRA,,,,"468,144","394,100","458,423","513,073","458,435",,
,Saratoga NHP,"97,241","97,910","109,018","121,867","123,519","119,870","116,922","112,335",,
,Saugus Iron Works NHS,"32,803","35,692","38,139","37,581","38,549","43,498","40,320","38,083",,
,Scotts Bluff NM,"173,291","109,520","150,183","170,175","151,984","153,448","168,616","153,888",,
,Sequoia NP,"799,576","862,397","1,083,002","1,020,500","854,233","979,632","939,468","934,115",,
,Shenandoah NP,"1,521,451","1,699,228","1,819,546","1,751,972","1,768,378","1,869,307","1,933,085","1,766,138",,
,Shiloh NMP,"318,934","299,615","322,238","260,177","272,092","275,345","264,428","287,547",,
,Sitka NHP,"69,189","72,743","86,984","87,316","84,830","108,046","116,946","89,436",,
,Sleeping Bear Dunes NL,"733,463","689,274","759,014","664,945","658,208","853,186","897,512","750,800",,
,Springfield Armory NHS,"15,607","17,209","19,161","18,134","15,626","17,452","16,123","17,045",,
,Statue of Liberty NM,"1,661,432","1,771,066","1,885,441","1,784,297","1,598,829","637,180","190,172","1,361,202",,
,Stones River NB,"122,049","108,157","103,622","140,772","138,605","123,698","196,299","133,315",,
,Sunset Crater Volcano NM,"308,723","312,079","353,815","348,633","375,136","409,112","412,501","360,000",,
,Thaddeus Kosciuszko NMEM,,,"11,220","7,693","7,037","7,052","7,433","8,087",,
,Theodore Roosevelt Birthplace NHS,"13,237","14,876","13,019","12,563","13,163","16,381","17,511","14,393",,
,Theodore Roosevelt Inaugural NHS,"15,888","15,110","16,209","14,975","16,068","15,468","13,150","15,267",,
,Theodore Roosevelt Island,"72,458","60,147","59,284","58,630","55,901","51,714","51,745","58,554",,
,Theodore Roosevelt NP,"591,646","595,734","702,873","677,014","415,118","361,139","377,152","531,525",,
,Thomas Edison NHP,"52,999","44,695","44,514","43,927","39,121","40,796","32,599","42,664",,
,Thomas Jefferson MEM,"2,328,095","1,216,966","1,788,267","1,270,798","1,485,531","1,873,728","2,261,477","1,746,409",,
,Timpanogos Cave NM,"125,080","107,041","104,497","104,630","98,475","119,688","128,622","112,576",,
,Tonto NM,"69,847","60,328","70,528","68,844","70,039","69,665","73,606","68,980",,
,Tumacacori NHP,"59,013","54,996","59,422","58,290","57,922","58,260","58,022","57,989",,
,Tuskegee Institute NHS,"18,913","10,102","32,066","82,990","76,060","95,323","96,655","58,873",,
,Tuzigoot NM,"68,733","73,804","77,886","79,566","80,541","83,668","90,934","79,305",,
,Upper Delaware S&RR,,"77,764","156,437","106,502","223,096","159,854","154,799","146,409",,
,Valley Forge NHP,"3,107,420","3,219,806","3,330,287","3,410,490","3,448,694","3,957,742","4,177,029","3,521,638",,
,Vanderbilt Mansion NHS,"335,275","377,751","427,699","368,936","420,104","383,092","324,128","376,712",,
,Vicksburg NMP,"633,951","834,252","689,442","614,788","653,835","1,112,881","899,674","776,975",,
,Vietnam Veterans MEM,,,,,,"2,303,890","3,978,216","3,141,053",,
,Virgin Islands NP,"549,732","547,918","566,528","673,480","676,800","666,435","699,398","625,756",,
,Voyageurs NP,"195,277","266,935","257,490","143,724","146,454","154,723","183,984","192,655",,
,Walnut Canyon NM,"69,729","75,887","83,098","86,517","88,376","93,628","90,077","83,902",,
,War in the Pacific NHP,,,,,,,"8,623","8,623",,
,Washington Monument,"1,304,790","1,305,760","1,359,061","1,292,284","1,212,736","1,342,093","1,229,062","1,292,255",,
,Whiskeytown NRA,"1,162,390","1,149,628","1,217,135","1,377,648","1,082,532","1,299,089","1,246,433","1,219,265",,
,White House,"1,313,017","1,318,583","1,132,992","1,076,713","1,169,085","1,134,625","1,259,928","1,200,706",,
,White Sands NP,"580,814","511,476","556,494","543,581","492,902","542,930","486,754","530,707",,
,Whitman Mission NHS,"118,136","97,504","97,085","97,811","108,114","105,172","104,050","103,982",,
,William Howard Taft NHS,"4,410","4,746","5,518","3,184","2,964","2,272","1,649","3,535",,
,Wilson's Creek NB,"80,559","75,973","80,047","78,374","93,573","124,011","176,821","101,337",,
,Wind Cave NP,"457,443","473,061","503,424","467,392","503,739","536,022","477,585","488,381",,
,Wolf Trap NP for the Performing Arts,"589,016","619,794","587,926","339,034","258,430","304,738","458,395","451,048",,
,Women's Rights NHP,,,,,"6,759","9,211","14,755","10,242",,
,Wrangell-St. Elias NP & PRES,,,,"14,871","18,760","22,183","23,171","19,746",,
,Wright Brothers NMEM,"396,322","428,809","429,618","415,360","484,289","409,493","448,677","430,367",,
,Wupatki NM,"186,875","161,846","183,448","183,666","190,938","207,893","191,950","186,659",,
,Yellowstone NP,"1,892,908","2,000,269","2,521,831","2,368,897","2,347,242","2,222,027","2,226,159","2,225,619",,
,Yosemite NP,"2,350,782","2,490,282","2,516,893","2,415,587","2,457,464","2,738,467","2,831,952","2,543,061",,
,Yukon-Charley Rivers NPRES,,,,697,955,988,"2,073","1,178",,
,Zion NP,"1,040,528","1,123,846","1,288,808","1,246,290","1,273,030","1,377,254","1,503,272","1,264,718",,
,,,,,,,,,,,
